environment, score
Hopper-v1, 3601.449138
Ant-v1, 4084.719147
Walker2d-v1, 6942.395895
HalfCheetah-v1, 4467.495416
