,reward_0,reward_1,reward_2,timestep
0,65.12280348061535,64.64894798500177,66.08887831453016,0
1,68.35922092665847,70.54368669974738,70.36470066443727,1000
