,reward_0,reward_1,reward_2,timestep
0,20.85278422969162,21.301810037749533,20.69950025444304,0
1,12.612310080915437,12.580147540926575,11.417493098490063,5000
